-- insert_test_data.sql
-- ===================== 1. 区域信息表（20条） =====================
INSERT INTO region_info (region_id, region_name) VALUES
('REG001', '秦岭主峰太白山区域'),
('REG002', '神农架大九湖区域'),
('REG003', '三江源扎陵湖区域'),
('REG004', '西双版纳勐仑区域'),
('REG005', '武夷山黄岗山区域'),
('REG006', '长白山天池区域'),
('REG007', '梵净山金顶区域'),
('REG008', '九寨沟箭竹海区域'),
('REG009', '可可西里卓乃湖区域'),
('REG010', '卧龙熊猫基地区域'),
('REG011', '鼎湖山核心区域'),
('REG012', '赛罕坝机械林场区域'),
('REG013', '呼伦贝尔草原区域'),
('REG014', '喀纳斯湖区域'),
('REG015', '普达措属都湖区域'),
('REG016', '丹霞山长老峰区域'),
('REG017', '黄山迎客松区域'),
('REG018', '张家界天子山区域'),
('REG019', '青海湖鸟岛区域'),
('REG020', '洱海生态廊道区域');

-- ===================== 2. 物种信息表（20条） =====================
INSERT INTO species_info (species_id, chinese_name, latin_name, kingdom, phylum, class, order_name, family, genus, species_name, protection_level, living_habits, distribution_desc) VALUES
('SP001', '大熊猫', 'Ailuropoda melanoleuca', '动物界', '脊索动物门', '哺乳纲', '食肉目', '熊科', '大熊猫属', '大熊猫种', '国家一级', '独居，喜食竹类，栖息于高山竹林', '四川卧龙、陕西秦岭、甘肃白水江'),
('SP002', '川金丝猴', 'Rhinopithecus roxellana', '动物界', '脊索动物门', '哺乳纲', '灵长目', '猴科', '仰鼻猴属', '川金丝猴种', '国家一级', '群居，树栖，以植物嫩叶、果实为食', '四川岷山、陕西秦岭、湖北神农架'),
('SP003', '东北虎', 'Panthera tigris altaica', '动物界', '脊索动物门', '哺乳纲', '食肉目', '猫科', '豹属', '虎种', '国家一级', '独居，夜行性，捕食有蹄类动物', '长白山、小兴安岭'),
('SP004', '雪豹', 'Panthera uncia', '动物界', '脊索动物门', '哺乳纲', '食肉目', '猫科', '豹属', '雪豹种', '国家一级', '独居，岩栖，捕食岩羊、旱獭', '青藏高原、天山山脉'),
('SP005', '朱鹮', 'Nipponia nippon', '动物界', '脊索动物门', '鸟纲', '鹳形目', '鹮科', '朱鹮属', '朱鹮种', '国家一级', '群居，涉禽，以鱼类、昆虫为食', '陕西洋县、河南董寨'),
('SP006', '藏羚羊', 'Pantholops hodgsonii', '动物界', '脊索动物门', '哺乳纲', '偶蹄目', '牛科', '藏羚属', '藏羚羊种', '国家一级', '群居，迁徙性，以莎草科植物为食', '可可西里、羌塘无人区'),
('SP007', '亚洲象', 'Elephas maximus', '动物界', '脊索动物门', '哺乳纲', '长鼻目', '象科', '象属', '亚洲象种', '国家一级', '群居，草食性，栖息于热带雨林', '云南西双版纳、普洱'),
('SP008', '白头叶猴', 'Trachypithecus leucocephalus', '动物界', '脊索动物门', '哺乳纲', '灵长目', '猴科', '叶猴属', '白头叶猴种', '国家一级', '群居，树栖，以树叶为食', '广西崇左喀斯特区域'),
('SP009', '黑颈鹤', 'Grus nigricollis', '动物界', '脊索动物门', '鸟纲', '鹤形目', '鹤科', '鹤属', '黑颈鹤种', '国家一级', '群居，涉禽，栖息于高原湿地', '青海湖、西藏纳木错'),
('SP010', '穿山甲', 'Manis pentadactyla', '动物界', '脊索动物门', '哺乳纲', '鳞甲目', '穿山甲科', '穿山甲属', '中华穿山甲种', '国家一级', '独居，夜行性，以蚂蚁、白蚁为食', '福建、广东、广西'),
('SP011', '猕猴', 'Macaca mulatta', '动物界', '脊索动物门', '哺乳纲', '灵长目', '猴科', '猕猴属', '猕猴种', '国家二级', '群居，杂食性，适应性强', '全国多数林区'),
('SP012', '黑熊', 'Ursus thibetanus', '动物界', '脊索动物门', '哺乳纲', '食肉目', '熊科', '熊属', '黑熊种', '国家二级', '独居，杂食性，冬眠', '东北、西南林区'),
('SP013', '小熊猫', 'Ailurus fulgens', '动物界', '脊索动物门', '哺乳纲', '食肉目', '小熊猫科', '小熊猫属', '小熊猫种', '国家二级', '独居，树栖，喜食竹笋、浆果', '四川、云南、西藏'),
('SP014', '红腹锦鸡', 'Chrysolophus pictus', '动物界', '脊索动物门', '鸟纲', '鸡形目', '雉科', '锦鸡属', '红腹锦鸡种', '国家二级', '独居，地栖，以植物种子、昆虫为食', '陕西、甘肃、四川'),
('SP015', '大鲵', 'Andrias davidianus', '动物界', '脊索动物门', '两栖纲', '有尾目', '隐鳃鲵科', '大鲵属', '大鲵种', '国家二级', '独居，水生，肉食性', '长江、黄河支流'),
('SP016', '林麝', 'Moschus berezovskii', '动物界', '脊索动物门', '哺乳纲', '偶蹄目', '麝科', '麝属', '林麝种', '国家一级', '独居，夜行性，以植物嫩叶为食', '四川、陕西、甘肃'),
('SP017', '白唇鹿', 'Przewalskium albirostris', '动物界', '脊索动物门', '哺乳纲', '偶蹄目', '鹿科', '白唇鹿属', '白唇鹿种', '国家一级', '群居，草食性，栖息于高原草甸', '青藏高原'),
('SP018', '蓝马鸡', 'Crossoptilon auritum', '动物界', '脊索动物门', '鸟纲', '鸡形目', '雉科', '马鸡属', '蓝马鸡种', '国家二级', '群居，地栖，以植物种子为食', '青海、甘肃、宁夏'),
('SP019', '金钱豹', 'Panthera pardus fusca', '动物界', '脊索动物门', '哺乳纲', '食肉目', '猫科', '豹属', '豹种', '国家一级', '独居，夜行性，捕食中小型哺乳动物', '秦岭、太行山'),
('SP020', '中华秋沙鸭', 'Mergus squamatus', '动物界', '脊索动物门', '鸟纲', '雁形目', '鸭科', '秋沙鸭属', '中华秋沙鸭种', '国家一级', '群居，游禽，以鱼类为食', '长白山、武夷山');

-- ===================== 3. 栖息地表（20条） =====================
INSERT INTO habitat_info (habitat_id, region_id, ecological_type, area, core_protection, suitability_score) VALUES
('HAB001', 'REG001', '高山竹林', 1200.50, '太白山海拔2000-3000米竹林区', 9),
('HAB002', 'REG002', '亚高山草甸', 850.20, '大九湖湿地周边草甸区', 8),
('HAB003', 'REG003', '高原湿地', 2500.80, '扎陵湖环湖湿地核心区', 7),
('HAB004', 'REG004', '热带雨林', 1800.30, '勐仑植物园核心雨林区', 10),
('HAB005', 'REG005', '亚热带常绿阔叶林', 1500.70, '黄岗山海拔1000-1500米林区', 8),
('HAB006', 'REG006', '针阔混交林', 1900.40, '天池周边针阔混交林区', 7),
('HAB007', 'REG007', '喀斯特森林', 1100.60, '金顶周边喀斯特地貌林区', 9),
('HAB008', 'REG008', '高山湖泊湿地', 950.90, '箭竹海周边湿地核心区', 8),
('HAB009', 'REG009', '高寒草原', 3200.10, '卓乃湖周边草原区', 6),
('HAB010', 'REG010', '大熊猫栖息地', 1600.80, '卧龙基地核心竹林区', 10),
('HAB011', 'REG011', '南亚热带常绿阔叶林', 750.30, '鼎湖山核心林区', 9),
('HAB012', 'REG012', '温带落叶阔叶林', 1400.50, '机械林场核心林区', 7),
('HAB013', 'REG013', '温带草原', 4500.20, '呼伦贝尔草原核心区', 6),
('HAB014', 'REG014', '高山湖泊', 1300.70, '喀纳斯湖周边林区', 8),
('HAB015', 'REG015', '高原草甸湿地', 2100.90, '属都湖周边湿地', 9),
('HAB016', 'REG016', '丹霞地貌林区', 800.40, '长老峰丹霞地貌林区', 7),
('HAB017', 'REG017', '亚热带山地森林', 900.60, '黄山迎客松周边林区', 8),
('HAB018', 'REG018', '喀斯特山地森林', 1000.20, '天子山喀斯特林区', 9),
('HAB019', 'REG019', '高原湿地', 1700.80, '青海湖鸟岛核心湿地', 10),
('HAB020', 'REG020', '湖滨湿地', 1200.30, '洱海生态廊道湖滨区', 8);

-- ===================== 4. 系统用户表（20条） =====================
INSERT INTO sys_user (user_id, user_name, role, responsible_region) VALUES
('US001', '张监测', '生态监测员', 'REG001'),
('US002', '李分析', '数据分析师', 'REG002'),
('US003', '王巡查', '生态监测员', 'REG003'),
('US004', '赵记录', '数据录入员', 'REG004'),
('US005', '钱主管', '监测主管', 'REG005'),
('US006', '孙监测', '生态监测员', 'REG006'),
('US007', '周分析', '数据分析师', 'REG007'),
('US008', '吴巡查', '生态监测员', 'REG008'),
('US009', '郑记录', '数据录入员', 'REG009'),
('US010', '冯主管', '监测主管', 'REG010'),
('US011', '陈监测', '生态监测员', 'REG011'),
('US012', '褚分析', '数据分析师', 'REG012'),
('US013', '卫巡查', '生态监测员', 'REG013'),
('US014', '蒋记录', '数据录入员', 'REG014'),
('US015', '沈主管', '监测主管', 'REG015'),
('US016', '韩监测', '生态监测员', 'REG016'),
('US017', '杨分析', '数据分析师', 'REG017'),
('US018', '朱巡查', '生态监测员', 'REG018'),
('US019', '秦记录', '数据录入员', 'REG019'),
('US020', '尤主管', '监测主管', 'REG020');


-- ===================== 6. 栖息地-物种关联表（20条） =====================
INSERT INTO habitat_species_relation (habitat_id, species_id, is_main) VALUES
('HAB001', 'SP001', 1),
('HAB002', 'SP002', 1),
('HAB003', 'SP006', 1),
('HAB004', 'SP007', 1),
('HAB005', 'SP020', 1),
('HAB006', 'SP003', 1),
('HAB007', 'SP008', 1),
('HAB008', 'SP013', 1),
('HAB009', 'SP006', 1),
('HAB010', 'SP001', 1),
('HAB011', 'SP011', 0),
('HAB012', 'SP012', 0),
('HAB013', 'SP011', 1),
('HAB014', 'SP019', 0),
('HAB015', 'SP004', 1),
('HAB016', 'SP011', 0),
('HAB017', 'SP014', 0),
('HAB018', 'SP008', 0),
('HAB019', 'SP009', 1),
('HAB020', 'SP015', 0);

-- ===================== 7. 监测记录表（20条） =====================
INSERT INTO monitor_record (record_id, species_id, device_id, monitor_time, longitude, latitude, monitor_location, monitor_method, monitor_content, recorder_id, data_status, analysis_conclusion, verify_time) VALUES
('REC001', 'SP001', 'D001', '2024-11-01 08:30:00', 107.7833, 33.9333, '秦岭太白山301省道旁', '红外相机', '拍摄到大熊猫取食竹笋，状态健康', 'US001', '有效', '该区域大熊猫活动频繁，栖息地质量良好', '2024-11-02 10:15:00'),
('REC002', 'SP002', 'D002', '2024-11-01 09:15:00', 110.2500, 31.4833, '神农架大九湖湿地', '红外相机', '拍摄到川金丝猴群（约15只），幼猴活跃', 'US003', '待核实', '需进一步确认猴群数量及健康状况', NULL),
('REC003', 'SP006', 'D003', '2024-11-01 10:00:00', 97.5000, 34.8000, '三江源扎陵湖西岸', '无人机', '航拍发现藏羚羊群（约50只），迁徙中', 'US005', '有效', '藏羚羊迁徙路线与往年一致，未发现异常', '2024-11-03 09:20:00'),
('REC004', 'SP007', 'D004', '2024-11-01 10:45:00', 101.5833, 22.0000, '西双版纳勐仑植物园', '红外相机', '拍摄到亚洲象家族（3头），采食香蕉', 'US007', '待核实', '需确认象群是否为新迁移群体', NULL),
('REC005', 'SP020', 'D005', '2024-11-01 11:30:00', 117.7333, 27.7833, '武夷山黄岗山东坡', '人工巡查', '观察到中华秋沙鸭（8只），游弋觅食', 'US009', '有效', '中华秋沙鸭栖息地水质良好，食物充足', '2024-11-04 11:10:00'),
('REC006', 'SP003', 'D006', '2024-11-01 12:15:00', 128.0000, 42.0000, '长白山天池北坡', '红外相机', '拍摄到东北虎足迹，未发现活体', 'US011', '待核实', '需布设更多相机监测虎群活动范围', NULL),
('REC007', 'SP008', 'D007', '2024-11-01 13:00:00', 108.4333, 27.9000, '梵净山金顶南坡', '无人机', '航拍发现白头叶猴群（约20只），树栖', 'US013', '有效', '白头叶猴栖息地植被覆盖良好，无人类干扰', '2024-11-05 13:30:00'),
('REC008', 'SP013', 'D008', '2024-11-01 13:45:00', 103.9000, 33.1000, '九寨沟箭竹海', '红外相机', '拍摄到小熊猫，采食箭竹嫩叶', 'US015', '有效', '小熊猫活动区域与箭竹分布高度重合', '2024-11-06 14:00:00'),
('REC009', 'SP006', 'D009', '2024-11-01 14:30:00', 93.0000, 35.0000, '可可西里卓乃湖', '人工巡查', '观察到藏羚羊产仔区，幼崽成活率高', 'US017', '待核实', '需统计产仔数量及天敌活动情况', NULL),
('REC010', 'SP001', 'D010', '2024-11-01 15:15:00', 103.0000, 30.7500, '卧龙熊猫基地', '红外相机', '拍摄到大熊猫幼崽，与母熊猫互动', 'US019', '有效', '熊猫幼崽发育正常，母熊猫照料良好', '2024-11-07 15:45:00'),
('REC011', 'SP011', 'D001', '2024-11-02 08:00:00', 112.5333, 23.1333, '鼎湖山核心区', '无人机', '航拍发现猕猴群（约30只），活动正常', 'US002', '有效', '猕猴群分布范围扩大，食物资源充足', '2024-11-08 08:30:00'),
('REC012', 'SP012', 'D002', '2024-11-02 08:45:00', 117.5000, 42.5000, '赛罕坝机械林场', '红外相机', '拍摄到黑熊，采食松果', 'US004', '待核实', '需确认黑熊是否为冬眠前觅食', NULL),
('REC013', 'SP011', 'D003', '2024-11-02 09:30:00', 119.7000, 49.2000, '呼伦贝尔草原', '人工巡查', '观察到猕猴群，适应草原边缘环境', 'US006', '有效', '猕猴栖息地向草原扩展，需关注生态影响', '2024-11-09 09:50:00'),
('REC014', 'SP019', 'D004', '2024-11-02 10:15:00', 87.0000, 48.0000, '喀纳斯湖西岸', '红外相机', '拍摄到金钱豹足迹，未发现活体', 'US008', '待核实', '需加强该区域监测，确认豹群数量', NULL),
('REC015', 'SP004', 'D005', '2024-11-02 11:00:00', 99.8000, 37.8000, '普达措属都湖', '无人机', '航拍发现雪豹，栖息于岩石区', 'US010', '有效', '雪豹栖息地无人类活动，生态环境稳定', '2024-11-10 11:20:00'),
('REC016', 'SP011', 'D006', '2024-11-02 11:45:00', 113.7333, 25.0000, '丹霞山长老峰', '红外相机', '拍摄到猕猴，采食野果', 'US012', '有效', '猕猴在丹霞地貌区适应性良好', '2024-11-11 12:00:00'),
('REC017', 'SP014', 'D007', '2024-11-02 12:30:00', 118.1000, 30.2000, '黄山迎客松', '人工巡查', '观察到红腹锦鸡（5只），羽毛鲜艳', 'US014', '待核实', '需确认锦鸡繁殖期及栖息地', NULL),
('REC018', 'SP008', 'D008', '2024-11-02 13:15:00', 110.4833, 29.1833, '张家界天子山', '红外相机', '拍摄到白头叶猴，攀爬喀斯特岩石', 'US016', '有效', '白头叶猴对喀斯特地貌适应性强', '2024-11-12 13:40:00'),
('REC019', 'SP009', 'D009', '2024-11-02 14:00:00', 100.1000, 36.9000, '青海湖鸟岛', '无人机', '航拍发现黑颈鹤群（约40只），栖息湿地', 'US018', '有效', '黑颈鹤越冬栖息地水位适宜，食物充足', '2024-11-13 14:20:00'),
('REC020', 'SP015', 'D010', '2024-11-02 14:45:00', 100.1833, 25.7833, '洱海生态廊道', '人工巡查', '观察到大鲵，栖息于湖滨溪流', 'US020', '待核实', '需监测溪流水质及大鲵生存状况', NULL);